{
	"info": {
		"_postman_id": "06c53a79-2468-43a9-9617-7fc09685e4b2",
		"name": "REST Labs - Order API",
		"schema": "https://schema.getpostman.com/json/collection/v2.1.0/collection.json",
		"_exporter_id": "1846254"
	},
	"item": [
		{
			"name": "List Orders",
			"request": {
				"method": "GET",
				"header": [
					{
						"key": "Accept",
						"value": "application/json",
						"type": "text"
					}
				],
				"url": {
					"raw": "http://localhost:8087/orders",
					"protocol": "http",
					"host": [
						"localhost"
					],
					"port": "8087",
					"path": [
						"orders"
					]
				}
			},
			"response": []
		},
		{
			"name": "Create Order",
			"request": {
				"method": "POST",
				"header": [],
				"body": {
					"mode": "raw",
					"raw": "    {\n        \"description\": \"Dell Vastro\",\n        \"category\": \"Laptops\",\n        \"quantity\": 10,\n        \"price\": 80000.0\n    }",
					"options": {
						"raw": {
							"language": "json"
						}
					}
				},
				"url": {
					"raw": "http://localhost:8087/orders",
					"protocol": "http",
					"host": [
						"localhost"
					],
					"port": "8087",
					"path": [
						"orders"
					]
				}
			},
			"response": []
		},
		{
			"name": "Get Order",
			"request": {
				"method": "GET",
				"header": [
					{
						"key": "Accept",
						"value": "application/json",
						"type": "text"
					}
				],
				"url": {
					"raw": "http://localhost:8087/orders/1",
					"protocol": "http",
					"host": [
						"localhost"
					],
					"port": "8087",
					"path": [
						"orders",
						"1"
					]
				}
			},
			"response": []
		},
		{
			"name": "Update Order",
			"request": {
				"method": "PUT",
				"header": [],
				"body": {
					"mode": "raw",
					"raw": "    {\n        \"description\": \"Dell Inspiron\",\n        \"category\": \"Laptops\",\n        \"quantity\": 20,\n        \"price\": 75000.0\n    }",
					"options": {
						"raw": {
							"language": "json"
						}
					}
				},
				"url": {
					"raw": "http://localhost:8087/orders/1",
					"protocol": "http",
					"host": [
						"localhost"
					],
					"port": "8087",
					"path": [
						"orders",
						"1"
					]
				}
			},
			"response": []
		},
		{
			"name": "Delete Order",
			"request": {
				"method": "DELETE",
				"header": [],
				"url": {
					"raw": "http://localhost:8087/orders/1",
					"protocol": "http",
					"host": [
						"localhost"
					],
					"port": "8087",
					"path": [
						"orders",
						"1"
					]
				}
			},
			"response": []
		},
		{
			"name": "Get Order Stats",
			"request": {
				"method": "GET",
				"header": [],
				"url": {
					"raw": "http://localhost:8080/orders/stats",
					"protocol": "http",
					"host": [
						"localhost"
					],
					"port": "8080",
					"path": [
						"orders",
						"stats"
					]
				}
			},
			"response": []
		}
	]
}