{
	"info": {
		"_postman_id": "5e7ac64f-f74d-4f83-a33d-b37a563ddb09",
		"name": "Spring Security Labs",
		"schema": "https://schema.getpostman.com/json/collection/v2.1.0/collection.json",
		"_exporter_id": "1846254"
	},
	"item": [
		{
			"name": "GET Greetings",
			"request": {
				"method": "GET",
				"header": [],
				"url": {
					"raw": "http://localhost:7070",
					"protocol": "http",
					"host": [
						"localhost"
					],
					"port": "7070"
				}
			},
			"response": []
		},
		{
			"name": "GET Users",
			"request": {
				"auth": {
					"type": "noauth"
				},
				"method": "GET",
				"header": [],
				"url": {
					"raw": "http://localhost:9090/users",
					"protocol": "http",
					"host": [
						"localhost"
					],
					"port": "9090",
					"path": [
						"users"
					]
				}
			},
			"response": []
		},
		{
			"name": "POST Register User",
			"request": {
				"method": "POST",
				"header": [],
				"body": {
					"mode": "raw",
					"raw": "{\n    \"username\": \"test1\",\n    \"password\": \"test123\",\n    \"role\": \"MANAGER\",\n    \"active\": true\n}",
					"options": {
						"raw": {
							"language": "json"
						}
					}
				},
				"url": {
					"raw": "http://localhost:9090/register",
					"protocol": "http",
					"host": [
						"localhost"
					],
					"port": "9090",
					"path": [
						"register"
					]
				}
			},
			"response": []
		},
		{
			"name": "GET Authenticate Request",
			"request": {
				"auth": {
					"type": "basic",
					"basic": [
						{
							"key": "password",
							"value": "test123",
							"type": "string"
						},
						{
							"key": "username",
							"value": "test1",
							"type": "string"
						}
					]
				},
				"method": "GET",
				"header": [],
				"url": {
					"raw": "http://localhost:9090/authenticate",
					"protocol": "http",
					"host": [
						"localhost"
					],
					"port": "9090",
					"path": [
						"authenticate"
					]
				}
			},
			"response": []
		},
		{
			"name": "GET Authenticate User Role",
			"request": {
				"auth": {
					"type": "basic",
					"basic": [
						{
							"key": "password",
							"value": "test123",
							"type": "string"
						},
						{
							"key": "username",
							"value": "test1",
							"type": "string"
						}
					]
				},
				"method": "GET",
				"header": [],
				"url": {
					"raw": "http://localhost:8080/user",
					"protocol": "http",
					"host": [
						"localhost"
					],
					"port": "8080",
					"path": [
						"user"
					]
				}
			},
			"response": []
		},
		{
			"name": "GET Authenticate Manager Role",
			"request": {
				"auth": {
					"type": "basic",
					"basic": [
						{
							"key": "password",
							"value": "manager",
							"type": "string"
						},
						{
							"key": "username",
							"value": "manager",
							"type": "string"
						}
					]
				},
				"method": "GET",
				"header": [],
				"url": {
					"raw": "http://localhost:9090/manager",
					"protocol": "http",
					"host": [
						"localhost"
					],
					"port": "9090",
					"path": [
						"manager"
					]
				}
			},
			"response": []
		},
		{
			"name": "GET Authenticate Admin Role",
			"request": {
				"auth": {
					"type": "basic",
					"basic": [
						{
							"key": "password",
							"value": "admin",
							"type": "string"
						},
						{
							"key": "username",
							"value": "admin",
							"type": "string"
						}
					]
				},
				"method": "GET",
				"header": [],
				"url": {
					"raw": "http://localhost:9090/admin",
					"protocol": "http",
					"host": [
						"localhost"
					],
					"port": "9090",
					"path": [
						"admin"
					]
				}
			},
			"response": []
		}
	]
}